State,Facebook,Instagram,Twitter,Pinterest,ESPN,YouTube,Reddit
0,310504,552339,259034,450818,1215966,641667,1231572
1,52083,85640,42153,74257,183159,50277,198724
2,515910,828669,362642,601943,1523681,862573,1804762
3,202070,343207,157204,264160,727124,407205,754420
4,2704659,4499890,2159981,3853788,8819342,4114496,10604510
5,358280,587154,261701,466194,1290094,511094,1464939
6,211637,403658,196918,325110,916955,478007,968967
7,59319,99496,47414,84464,230183,121688,230528
8,36352,50439,25225,75569,140043,70648,193557
9,1140516,1938695,925060,1607297,4746856,3187797,4782119
10,740521,1250460,557860,919876,2389018,981024,2846985
11,87207,134025,64011,124834,331817,190067,356237
12,121746,201192,89702,147606,375173,182150,406247
13,894368,1558919,725973,1311479,3239173,1575308,3596343
14,443089,780199,361393,605863,1647881,813839,1724528
15,201321,345409,165883,306398,750505,444554,788485
16,202529,342134,155822,293114,713663,366706,728166
17,284601,493536,229927,381394,1134283,565867,1179637
18,310716,542341,254916,471275,1128771,540314,1162463
19,71459,133656,69752,112682,331809,199187,397911
20,371787,651923,316873,543470,1556225,1513754,679565
21,383568,701752,341713,665879,1751508,871098,1782449
22,625526,1179503,585169,974480,2628322,1304322,2706100
23,358471,606802,289371,507289,1391878,650519,1416063
24,220813,371502,174405,305964,730133,371598,764203